IdRegistro,IdPersona,IdCargoBase,IdCargoActual,IdDependencia,IdEducacion,IdContacto,IdEstado,Otro tiempo con la Gobernación,Fecha ingreso,Tiempo de servicio,Fecha encargo
REG0001,PER001,CAR001,CAR068,DEP001,EDU001,CON001,EST001,01-01-2016 AL 31 DE ENERO DE 2019,2003-04-21,23,2024-01-23
REG0002,PER002,CAR002,CAR069,DEP002,EDU002,CON002,EST002,07-02-2013 al 08/05/2022/ 04/11/2022 al 09/01/2024 DEL 03/03/2025 AL 14/01/2026,2006-02-16,20,2021-12-04
REG0003,PER003,CAR001,CAR069,DEP003,EDU003,CON003,EST003,09/04/2024 al 18/01/2026,1986-04-21,40,2025-02-23
REG0004,PER004,CAR002,CAR069,DEP004,EDU004,CON004,EST004,,2012-05-18,13,2022-06-17
REG0005,PER005,CAR002,CAR069,DEP005,EDU005,CON005,EST005,,2025-11-20,0,2023-06-26
REG0006,PER006,CAR003,CAR069,DEP006,EDU006,CON006,EST006,21/09/2022 AL 30/12/2023,2008-06-12,17,2022-03-09
REG0007,PER007,CAR002,CAR069,DEP007,EDU007,CON007,EST007,,1990-04-21,36,2025-10-14
REG0008,PER008,CAR002,CAR069,DEP008,EDU008,CON008,EST008,,1992-04-21,34,2022-08-04
REG0009,PER009,CAR001,CAR069,DEP009,EDU009,CON009,EST009,,2020-09-03,5,2024-10-20
REG0010,PER010,CAR001,CAR069,DEP010,EDU010,CON010,EST010,,2026-01-23,0,2021-05-31
REG0011,PER011,CAR003,CAR069,DEP011,EDU011,CON011,EST011,,2020-04-21,6,2022-02-10
REG0012,PER012,CAR003,CAR069,DEP012,EDU012,CON012,EST008,,2010-07-04,15,2021-07-27
REG0013,PER013,CAR001,CAR069,DEP013,EDU013,CON013,EST012,,2011-12-05,14,2023-09-29
REG0014,PER014,CAR002,CAR069,DEP014,EDU014,CON014,EST011,,2010-03-26,16,2025-08-07
REG0015,PER015,CAR002,CAR069,DEP015,EDU015,CON015,EST013,13/12/2022 AL 31/12/2023 / 17/01/2025 al 13/03/2025 / del 09/06/2025 al 10/02/2026,2004-01-21,22,2025-02-06
REG0016,PER016,CAR003,CAR069,DEP016,EDU016,CON016,EST014,13-11-2024 AL 22/05/2025 / 01/09/2025 AL 17/11/2025,1980-04-21,46,2022-03-21
REG0017,PER017,CAR004,CAR069,DEP017,EDU017,CON017,EST012,,1992-04-21,34,2025-12-21
REG0018,PER018,CAR001,CAR069,DEP018,EDU018,CON018,EST015,04-01-2016 AL …/ 18/11/2022 AL 21/03/2023,2026-03-29,0,2025-07-28
REG0019,PER019,CAR001,CAR069,DEP019,EDU019,CON019,EST016,,2022-04-21,4,2024-07-08
REG0020,PER020,CAR001,CAR069,DEP020,EDU020,CON020,EST012,,2004-04-21,22,2023-04-08
REG0021,PER021,CAR002,CAR069,DEP021,EDU021,CON021,EST017,,2015-08-05,10,2024-11-12
REG0022,PER022,CAR003,CAR069,DEP022,EDU022,CON022,EST012,,2025-06-18,0,2025-04-27
REG0023,PER023,CAR001,CAR069,DEP023,EDU023,CON023,EST018,,2014-05-08,11,2023-12-10
REG0024,PER024,CAR003,CAR069,DEP024,EDU024,CON024,EST019,,1988-07-19,37,2025-05-10
REG0025,PER025,CAR003,CAR069,DEP025,EDU025,CON025,EST020,08-01-2020 AL 30/12/2023,1993-04-21,33,2025-10-14
REG0026,PER026,CAR003,CAR070,DEP026,EDU026,CON026,EST021,15-01-2020 AL 8-01-2024,2012-11-16,13,2026-02-14
REG0027,PER027,CAR001,CAR070,DEP027,EDU027,CON027,EST022,,2000-04-21,26,2024-12-29
REG0028,PER028,CAR001,CAR070,DEP028,EDU028,CON028,EST023,,2015-04-21,11,2023-01-23
REG0029,PER029,CAR001,CAR071,DEP029,EDU029,CON029,EST024,02/01/2024 AL 01/01/2026,2019-08-04,6,2021-07-27
REG0030,PER030,CAR001,CAR071,DEP030,EDU030,CON030,EST025,,2025-11-19,0,2025-12-07
REG0031,PER031,CAR003,CAR071,DEP031,EDU031,CON031,EST026,11/02/2019 AL 02/10/2023,2021-04-21,5,2023-12-28
REG0032,PER032,CAR002,CAR071,DEP032,EDU032,CON032,EST027,07-01-2016 AL 25/07/2023 / 01/08/2023 AL 01/01/2024/ 02/01/2024 AL 22/05/2025,2001-04-21,25,2022-08-28
REG0033,PER033,CAR002,CAR071,DEP033,EDU033,CON033,EST028,09/09/2020 al 21/12/2025,2025-08-22,0,2025-03-17
REG0034,PER034,CAR002,CAR072,DEP034,EDU034,CON034,EST029,,2010-04-10,16,2025-05-21
REG0035,PER035,CAR003,CAR072,DEP035,EDU035,CON035,EST030,,2013-09-16,12,2022-04-30
REG0036,PER036,CAR001,CAR073,DEP036,EDU036,CON036,EST012,01-03-2016 /07/01/2020 / 14/05/2024 AL 11//05/2025 / 12-05-2025 al 19/10/2025,2003-08-29,22,2026-01-21
REG0037,PER037,CAR005,CAR074,DEP037,EDU037,CON037,EST012,08-01-2020 al 01/12/2021/ DEL 02/01/2024 AL 06/01/2025,2013-04-21,13,2024-01-30
REG0038,PER038,CAR001,CAR074,DEP038,EDU038,CON038,EST012,09-08-2024 al 19/10/2025,1982-04-21,44,2026-03-06
REG0039,PER039,CAR003,CAR074,DEP039,EDU039,CON039,EST012,,2005-04-21,21,2024-08-08
REG0040,PER040,CAR001,CAR074,DEP040,EDU040,CON040,EST012,,1998-05-17,27,2022-12-15
REG0041,PER041,CAR003,CAR074,DEP041,EDU041,CON041,EST012,,2025-07-21,0,2022-05-28
REG0042,PER042,CAR002,CAR074,DEP042,EDU042,CON042,EST019,03/01/2024 al 02/03/2025/ 03/01/2025 AL 06/01/2026,2023-08-17,2,2026-02-12
REG0043,PER043,CAR006,CAR074,DEP043,EDU043,CON043,EST012,07-01-2016 AL 26/07/2023 Y OTROS TIEMPOS,2025-05-02,0,2026-01-10
REG0044,PER044,CAR002,CAR074,DEP044,EDU044,CON044,EST012,02/01/2024AL 10/03/2026,2025-07-02,0,2025-12-02
REG0045,PER045,CAR003,CAR074,DEP045,EDU045,CON045,EST031,,1991-04-21,35,2022-04-09
REG0046,PER046,CAR002,CAR074,DEP046,EDU046,CON046,EST012,FALTAN TIEMPOS ANTERIORES /22/01/2024 AL 15-01/2025,2011-11-07,14,2023-03-04
REG0047,PER047,CAR001,CAR074,DEP047,EDU047,CON047,EST012,02/01/2024 al 06/08/2024 / 30/09/2025 /01/10/2025 al 20/11/2025,2011-03-08,15,2023-04-20
REG0048,PER048,CAR001,CAR074,DEP048,EDU048,CON048,EST012,,2013-07-05,12,2025-05-07
REG0049,PER049,CAR002,CAR074,DEP049,EDU049,CON049,EST012,10/01/2024 AL 14/01/2025,2026-03-23,0,2023-09-23
REG0050,PER050,CAR004,CAR074,DEP050,EDU050,CON050,EST012,,1984-04-21,42,2021-05-23
REG0051,PER051,CAR003,CAR074,DEP051,EDU051,CON051,EST012,02-01-2024 AL 15-09-2025,2007-04-21,19,2026-02-01
REG0052,PER052,CAR003,CAR074,DEP052,EDU052,CON052,EST012,,1991-04-21,35,2022-11-26
REG0053,PER053,CAR002,CAR075,DEP053,EDU053,CON053,EST032,,2003-04-21,23,2025-05-20
REG0054,PER054,CAR002,CAR075,DEP054,EDU054,CON054,EST033,05-01-2024 al 26/05/2025,2018-03-21,8,2025-11-21
REG0055,PER055,CAR001,CAR075,DEP055,EDU055,CON055,EST034,,2026-02-08,0,2025-08-27
REG0056,PER056,CAR002,CAR075,DEP056,EDU056,CON056,EST035,,1982-04-21,44,2025-04-01
REG0057,PER057,CAR001,CAR075,DEP057,EDU057,CON057,EST012,01-08-2023 AL 30/12/2023,2025-11-10,0,2026-01-23
REG0058,PER058,CAR002,CAR075,DEP058,EDU058,CON058,EST012,,2018-04-21,8,2025-03-23
REG0059,PER059,CAR002,CAR075,DEP059,EDU059,CON059,EST036,,2025-10-16,0,2023-08-16
REG0060,PER060,CAR002,CAR075,DEP060,EDU060,CON060,EST037,,1997-04-21,29,2023-08-21
REG0061,PER061,CAR003,CAR075,DEP061,EDU061,CON061,EST038,,2016-04-21,10,2025-02-10
REG0062,PER062,CAR002,CAR075,DEP062,EDU062,CON062,EST039,26-01 AL 20-09-2022 / 10/01/2024 AL 26/05/2025,2018-04-21,8,2025-02-21
REG0063,PER063,CAR007,CAR075,DEP063,EDU063,CON063,EST040,,2013-04-21,13,2026-02-23
REG0064,PER064,CAR001,CAR075,DEP064,EDU064,CON064,EST041,,2020-04-21,6,2021-10-19
REG0065,PER065,CAR001,CAR075,DEP065,EDU065,CON065,EST042,09-01-2024 AL 17/11/2025,1994-04-21,32,2023-04-15
REG0066,PER066,CAR002,CAR076,DEP066,EDU066,CON066,EST043,,2012-04-21,14,2024-05-05
REG0067,PER067,CAR001,CAR075,DEP067,EDU067,CON067,EST044,,2017-10-24,8,2025-05-03
REG0068,PER068,CAR001,CAR077,DEP068,EDU068,CON068,EST025,,2024-09-05,1,2025-08-20
REG0069,PER069,CAR002,CAR077,DEP069,EDU069,CON069,EST045,02-02-2024 AL 02/06/2025,1995-04-21,31,2023-08-21
REG0070,PER070,CAR001,CAR077,DEP070,EDU070,CON070,EST046,,2025-08-27,0,2022-04-25
REG0071,PER071,CAR008,CAR078,DEP001,EDU071,CON071,EST047,,2011-04-21,15,2022-01-22
REG0072,PER072,CAR002,CAR079,DEP001,EDU072,CON072,EST048,,2016-04-21,10,2025-01-28
REG0073,PER073,CAR003,CAR080,DEP001,EDU073,CON073,EST048,,1993-04-21,33,2025-06-18
REG0074,PER074,CAR001,CAR080,DEP001,EDU074,CON074,EST048,19-02-2019 AL 30/12/2023,1996-03-08,30,2024-08-01
REG0075,PER075,CAR003,CAR081,DEP001,EDU075,CON075,EST048,,2007-07-20,18,2024-06-03
REG0076,PER076,CAR001,CAR082,DEP001,EDU076,CON076,EST049,04/08/2025 al 03/02/2026,2026-04-21,0,2021-11-19
REG0077,PER077,CAR002,CAR082,DEP001,EDU077,CON077,EST049,02-01-2024 AL09/02/2025,1992-04-21,34,2025-03-04
REG0078,PER078,CAR001,CAR083,DEP001,EDU078,CON078,EST050,,2024-04-21,2,2024-06-10
REG0079,PER079,CAR002,CAR084,DEP001,EDU079,CON079,EST051,07/10/2025 al 15/12/2026,1987-12-22,38,2025-08-28
REG0080,PER080,CAR003,CAR085,DEP071,EDU080,CON080,EST012,,2004-04-21,22,2024-01-09
REG0081,PER081,CAR002,CAR085,DEP001,EDU081,CON081,EST052,05/12/2019 AL 04/01/2024,2010-01-23,16,2022-07-09
REG0082,PER082,CAR003,CAR085,DEP001,EDU082,CON082,EST012,02-12-2018 AL 01-01-2020/02-01-2020 AL 04-01-2024,2024-04-21,2,2026-02-16
REG0083,PER083,CAR003,CAR086,DEP001,EDU083,CON083,EST025,07/01/2025 AL 30/10/2025 / 01/10/2025 AL 25/01/2026,2025-09-21,0,2024-10-25
REG0084,PER084,CAR002,CAR086,DEP001,EDU084,CON084,EST012,01/02/2019 al 15-06-2019 del 03-01-2020 AL 01/12/2021- del 02/12/2021 al 06/09/2023,2000-04-21,26,2024-05-19
REG0085,PER085,CAR002,CAR086,DEP001,EDU085,CON085,EST025,,2011-04-21,15,2024-05-29
REG0086,PER086,CAR002,CAR086,DEP001,EDU086,CON086,EST025,,2000-09-14,25,2025-01-25
REG0087,PER087,CAR002,CAR086,DEP001,EDU087,CON087,EST025,,2025-08-01,0,2024-05-13
REG0088,PER088,CAR002,CAR086,DEP001,EDU088,CON088,EST025,,2008-03-07,18,2024-05-02
REG0089,PER089,CAR001,CAR087,DEP001,EDU089,CON089,EST012,28/09/2016 AL 25/04/2023 / 26/04/2023 al 19/10/2025,2008-04-21,18,2025-01-13
REG0090,PER090,CAR002,CAR087,DEP001,EDU090,CON090,EST012,,1996-04-21,30,2021-08-31
REG0091,PER091,CAR003,CAR087,DEP001,EDU091,CON091,EST053,22-11-2022 AL 07/09/2023 / 08/09/2023 AL 23/10/2025,2009-12-22,16,2025-12-30
REG0092,PER092,CAR003,CAR087,DEP001,EDU092,CON092,EST012,02/01/2024 AL 14/12/2025,2025-08-12,0,2022-09-23
REG0093,PER093,CAR003,CAR087,DEP001,EDU093,CON093,EST012,02-01-2020 /11/10/2021/ 12/10/2021 AL 25/07/2023,2013-05-01,12,2025-12-12
REG0094,PER094,CAR003,CAR088,DEP001,EDU094,CON094,EST012,,1998-04-21,28,2024-01-11
REG0095,PER095,CAR003,CAR087,DEP001,EDU095,CON095,EST025,26/12/2025 AL 10-03-2026,2003-08-14,22,2022-05-16
REG0096,PER096,CAR001,CAR089,DEP072,EDU096,CON096,EST054,27-12-2019 AL 06/09/2023/ 07-09-2023 AL,2003-04-21,23,2025-08-20
REG0097,PER097,CAR007,CAR089,DEP073,EDU097,CON097,EST055,,2006-04-21,20,2024-03-05
REG0098,PER098,CAR005,CAR089,DEP074,EDU098,CON098,EST056,,1979-04-21,47,2024-03-09
REG0099,PER099,CAR005,CAR089,DEP075,EDU099,CON099,EST046,17/09/2019 AL 02/01/2020/ 18/01/2022 AL 30/07/2023,2023-01-14,3,2026-04-03
REG0100,PER100,CAR001,CAR089,DEP076,EDU100,CON100,EST012,,2025-05-30,0,2024-01-10
REG0101,PER101,CAR002,CAR090,DEP077,EDU101,CON101,EST057,,2018-07-05,7,2025-05-15
REG0102,PER102,CAR002,CAR090,DEP078,EDU102,CON102,EST058,,2022-04-21,4,2023-03-15
REG0103,PER103,CAR001,CAR091,DEP079,EDU103,CON103,EST059,,2004-04-21,22,2023-06-12
REG0104,PER104,CAR002,CAR092,DEP033,EDU104,CON104,EST060,19-01-2016 AL 25-11-2019,2002-01-15,24,2022-04-18
REG0105,PER105,CAR009,CAR093,DEP019,EDU105,CON105,EST061,,2009-04-21,17,2022-03-30
REG0106,PER106,CAR010,CAR094,DEP028,EDU106,CON106,EST062,,2011-04-21,15,2023-10-21
REG0107,PER107,CAR011,CAR094,DEP015,EDU107,CON107,EST063,,2006-04-21,20,2024-12-04
REG0108,PER108,CAR010,CAR094,DEP028,EDU108,CON108,EST064,,2008-04-21,18,2026-04-08
REG0109,PER109,CAR012,CAR094,DEP026,EDU109,CON109,EST065,,2026-04-02,0,2024-08-07
REG0110,PER110,CAR010,CAR094,DEP026,EDU110,CON110,EST066,,2023-04-21,3,2021-09-04
REG0111,PER111,CAR013,CAR094,DEP027,EDU111,CON111,EST067,,1989-04-21,37,2026-04-14
REG0112,PER112,CAR014,CAR093,DEP013,EDU112,CON112,EST068,,1996-10-08,29,2024-05-20
REG0113,PER113,CAR014,CAR093,DEP024,EDU113,CON113,EST069,04/03/2013 al 20/04/2022,1991-04-21,35,2022-08-13
REG0114,PER114,CAR015,CAR093,DEP048,EDU114,CON114,EST070,,1996-04-21,30,2023-09-27
REG0115,PER115,CAR016,CAR093,DEP039,EDU115,CON115,EST071,,2005-04-21,21,2023-12-30
REG0116,PER116,CAR017,CAR093,DEP045,EDU116,CON116,EST072,,2024-04-21,2,2022-05-31
REG0117,PER117,CAR018,CAR093,DEP005,EDU117,CON117,EST073,,1997-12-10,28,2023-10-18
REG0118,PER118,CAR019,CAR093,DEP040,EDU118,CON118,EST074,,2022-04-21,4,2024-12-26
REG0119,PER119,CAR020,CAR093,DEP022,EDU119,CON119,EST075,,2018-10-14,7,2024-12-26
REG0120,PER120,CAR021,CAR093,DEP024,EDU120,CON120,EST076,,1989-04-21,37,2026-02-02
REG0121,PER121,CAR018,CAR093,DEP040,EDU121,CON121,EST077,,2008-04-21,18,2024-10-12
REG0122,PER122,CAR022,CAR093,DEP031,EDU122,CON122,EST078,,2011-04-21,15,2022-11-10
REG0123,PER123,CAR022,CAR093,DEP048,EDU123,CON123,EST079,,2001-04-21,25,2021-11-27
REG0124,PER124,CAR023,CAR093,DEP055,EDU124,CON124,EST080,,1985-04-21,41,2025-08-21
REG0125,PER125,CAR024,CAR093,DEP062,EDU125,CON125,EST081,,2015-05-04,10,2021-09-16
REG0126,PER126,CAR020,CAR093,DEP062,EDU126,CON126,EST082,,2010-09-24,15,2021-12-15
REG0127,PER127,CAR018,CAR093,DEP033,EDU127,CON127,EST083,,1986-11-06,39,2026-02-18
REG0128,PER128,CAR025,CAR093,DEP047,EDU128,CON128,EST084,,1999-04-21,27,2022-09-19
REG0129,PER129,CAR017,CAR093,DEP066,EDU129,CON129,EST085,,2010-04-21,16,2023-06-22
REG0130,PER130,CAR026,CAR093,DEP025,EDU130,CON130,EST086,,2025-12-06,0,2021-10-21
REG0131,PER131,CAR027,CAR093,DEP079,EDU131,CON131,EST087,,2012-04-21,14,2022-09-28
REG0132,PER132,CAR028,CAR093,DEP008,EDU132,CON132,EST088,,1996-10-14,29,2023-05-03
REG0133,PER133,CAR029,CAR093,DEP031,EDU133,CON133,EST089,,2018-05-22,7,2023-05-07
REG0134,PER134,CAR026,CAR093,DEP060,EDU134,CON134,EST090,,1987-09-13,38,2025-10-18
REG0135,PER135,CAR029,CAR093,DEP025,EDU135,CON135,EST091,,2026-02-26,0,2022-04-17
REG0136,PER136,CAR027,CAR093,DEP033,EDU136,CON136,EST092,,2000-02-24,26,2024-02-15
REG0137,PER137,CAR026,CAR093,DEP033,EDU137,CON137,EST093,,2012-12-21,13,2026-02-22
REG0138,PER138,CAR026,CAR093,DEP059,EDU138,CON138,EST094,,2008-12-09,17,2026-04-06
REG0139,PER139,CAR030,CAR093,DEP051,EDU139,CON139,EST095,,2010-12-04,15,2021-12-06
REG0140,PER140,CAR031,CAR093,DEP032,EDU140,CON140,EST084,,2006-06-24,19,2022-04-10
REG0141,PER141,CAR028,CAR093,DEP008,EDU141,CON141,EST096,,2015-04-21,11,2025-10-27
REG0142,PER142,CAR032,CAR093,DEP019,EDU142,CON142,EST097,,2010-04-21,16,2022-01-16
REG0143,PER143,CAR033,CAR093,DEP042,EDU143,CON143,EST098,,2020-03-02,6,2024-09-17
REG0144,PER144,CAR034,CAR093,DEP031,EDU144,CON144,EST099,,2017-04-21,9,2022-09-02
REG0145,PER145,CAR029,CAR093,DEP012,EDU145,CON145,EST100,,1992-06-14,33,2021-06-02
REG0146,PER146,CAR035,CAR093,DEP045,EDU146,CON146,EST101,,2011-07-25,14,2022-10-23
REG0147,PER147,CAR036,CAR093,DEP067,EDU147,CON147,EST102,,1997-04-21,29,2023-01-03
REG0148,PER148,CAR031,CAR093,DEP061,EDU148,CON148,EST103,,2018-08-10,7,2022-08-24
REG0149,PER149,CAR036,CAR093,DEP070,EDU149,CON149,EST104,,2025-12-26,0,2023-06-08
REG0150,PER150,CAR037,CAR093,DEP022,EDU150,CON150,EST105,22/07/2011,2007-08-08,18,2025-06-02
REG0151,PER151,CAR038,CAR093,DEP004,EDU151,CON151,EST106,,1995-04-11,31,2025-02-16
REG0152,PER152,CAR039,CAR093,DEP063,EDU152,CON152,EST107,,2017-04-21,9,2026-01-28
REG0153,PER153,CAR040,CAR093,DEP022,EDU153,CON153,EST108,,2026-01-20,0,2023-05-12
REG0154,PER154,CAR040,CAR093,DEP039,EDU154,CON154,EST109,,2002-11-17,23,2025-10-20
REG0155,PER155,CAR040,CAR093,DEP079,EDU155,CON155,EST110,,1981-12-28,44,2021-06-08
REG0156,PER156,CAR041,CAR093,DEP032,EDU156,CON156,EST111,,2020-10-17,5,2025-09-23
REG0157,PER157,CAR042,CAR093,DEP051,EDU157,CON157,EST112,,2000-04-21,26,2022-02-25
REG0158,PER158,CAR043,CAR093,DEP077,EDU158,CON158,EST113,,2025-02-20,1,2021-10-18
REG0159,PER159,CAR044,CAR093,DEP055,EDU159,CON159,EST114,,2004-02-28,22,2024-01-23
REG0160,PER160,CAR045,CAR093,DEP014,EDU160,CON160,EST115,,2021-04-21,5,2021-06-17
REG0161,PER161,CAR046,CAR093,DEP009,EDU161,CON161,EST116,,2018-04-21,8,2025-08-05
REG0162,PER162,CAR047,CAR093,DEP016,EDU162,CON162,EST117,,1986-04-17,40,2021-12-23
REG0163,PER163,CAR005,CAR095,DEP075,EDU163,CON163,EST118,,2007-04-21,19,2025-11-02
REG0164,PER164,CAR002,CAR095,DEP001,EDU164,CON164,EST119,,2025-09-01,0,2024-11-27
REG0165,PER165,CAR003,CAR095,DEP014,EDU165,CON165,EST119,,2025-09-18,0,2024-09-22
REG0166,PER166,CAR004,CAR095,DEP072,EDU166,CON166,EST120,,2011-10-22,14,2025-09-18
REG0167,PER167,CAR001,CAR095,DEP026,EDU167,CON167,EST121,24/07/2023 al 21/12/2023,2025-06-25,0,2024-08-06
REG0168,PER168,CAR003,CAR095,DEP027,EDU168,CON168,EST122,,2018-04-21,8,2023-01-16
REG0169,PER169,CAR002,CAR095,DEP051,EDU169,CON169,EST120,10/01/2025 AL 22/07/2025,2016-12-21,9,2024-05-26
REG0170,PER170,CAR003,CAR093,DEP054,EDU170,CON170,EST123,,2017-04-21,9,2023-01-20
REG0171,PER171,CAR002,CAR093,DEP080,EDU171,CON171,EST124,,2026-04-21,0,2022-09-12
REG0172,PER172,CAR001,CAR093,DEP017,EDU172,CON172,EST125,,2010-04-21,16,2024-08-01
REG0173,PER173,CAR007,CAR093,DEP026,EDU173,CON173,EST126,,2025-04-21,1,2023-06-03
REG0174,PER174,CAR004,CAR093,DEP017,EDU174,CON174,EST127,,2025-07-14,0,2021-05-11
REG0175,PER175,CAR002,CAR093,DEP008,EDU175,CON175,EST128,,2007-04-21,19,2024-04-29
REG0176,PER176,CAR007,CAR093,DEP026,EDU176,CON176,EST129,,2008-04-21,18,2022-03-15
REG0177,PER177,CAR003,CAR093,DEP010,EDU177,CON177,EST130,,2006-04-21,20,2025-06-22
REG0178,PER178,CAR002,CAR093,DEP008,EDU178,CON178,EST131,,2025-10-15,0,2021-09-19
REG0179,PER179,CAR002,CAR093,DEP002,EDU179,CON179,EST132,,2014-10-02,11,2022-09-15
REG0180,PER180,CAR002,CAR093,DEP019,EDU180,CON180,EST131,,1996-04-21,30,2022-07-16
REG0181,PER181,CAR001,CAR093,DEP025,EDU181,CON181,EST133,,1997-05-19,28,2023-04-09
REG0182,PER182,CAR003,CAR093,DEP045,EDU182,CON182,EST134,,2006-04-21,20,2025-07-26
REG0183,PER183,CAR001,CAR093,DEP007,EDU183,CON183,EST135,,1995-04-21,31,2021-11-08
REG0184,PER184,CAR001,CAR093,DEP031,EDU184,CON184,EST136,,2017-04-21,9,2023-07-20
REG0185,PER185,CAR004,CAR093,DEP017,EDU185,CON185,EST127,,1981-04-07,45,2025-08-10
REG0186,PER186,CAR001,CAR093,DEP022,EDU186,CON186,EST137,,2008-04-21,18,2025-09-13
REG0187,PER187,CAR003,CAR093,DEP010,EDU187,CON187,EST130,,2016-04-21,10,2023-12-21
REG0188,PER188,CAR003,CAR093,DEP040,EDU188,CON188,EST138,,2017-04-21,9,2023-06-17
REG0189,PER189,CAR003,CAR093,DEP012,EDU189,CON189,EST139,,1995-11-24,30,2025-05-02
REG0190,PER190,CAR003,CAR093,DEP022,EDU190,CON190,EST140,,2013-07-26,12,2023-04-24
REG0191,PER191,CAR003,CAR093,DEP029,EDU191,CON191,EST141,,1997-04-21,29,2024-04-14
REG0192,PER192,CAR002,CAR093,DEP031,EDU192,CON192,EST142,,2016-04-21,10,2024-12-12
REG0193,PER193,CAR002,CAR093,DEP078,EDU193,CON193,EST143,,2016-04-21,10,2025-04-03
REG0194,PER194,CAR003,CAR093,DEP036,EDU194,CON194,EST144,,2002-07-31,23,2024-03-27
REG0195,PER195,CAR003,CAR093,DEP008,EDU195,CON195,EST145,,2021-04-21,5,2023-04-17
REG0196,PER196,CAR003,CAR093,DEP002,EDU196,CON196,EST146,,2018-03-15,8,2022-12-25
REG0197,PER197,CAR002,CAR093,DEP042,EDU197,CON197,EST147,,2026-03-04,0,2023-07-03
REG0198,PER198,CAR002,CAR093,DEP023,EDU198,CON198,EST148,,2007-04-21,19,2023-09-29
REG0199,PER199,CAR001,CAR093,DEP015,EDU199,CON199,EST140,18/03/2021 al 28/10/2022,2006-04-21,20,2022-01-29
REG0200,PER200,CAR003,CAR093,DEP010,EDU200,CON200,EST130,,2003-01-29,23,2022-02-04
REG0201,PER201,CAR001,CAR093,DEP029,EDU201,CON201,EST149,16-08-2024 AL 01/09/2025,2020-04-21,6,2024-06-17
REG0202,PER202,CAR003,CAR093,DEP040,EDU202,CON202,EST150,,1988-04-21,38,2021-08-06
REG0203,PER203,CAR003,CAR093,DEP012,EDU203,CON203,EST132,,2011-03-06,15,2022-06-03
REG0204,PER204,CAR003,CAR093,DEP036,EDU204,CON204,EST144,,2005-04-21,21,2023-05-28
REG0205,PER205,CAR001,CAR093,DEP031,EDU205,CON205,EST064,,2008-04-21,18,2025-11-11
REG0206,PER206,CAR004,CAR093,DEP017,EDU206,CON206,EST127,,1999-04-21,27,2022-08-24
REG0207,PER207,CAR001,CAR093,DEP045,EDU207,CON207,EST151,,2007-07-03,18,2024-07-31
REG0208,PER208,CAR001,CAR093,DEP008,EDU208,CON208,EST152,,2025-04-21,1,2024-02-17
REG0209,PER209,CAR003,CAR093,DEP032,EDU209,CON209,EST153,,2019-04-28,6,2024-10-25
REG0210,PER210,CAR002,CAR093,DEP034,EDU210,CON210,EST154,,2014-04-21,12,2026-02-17
REG0211,PER211,CAR003,CAR093,DEP035,EDU211,CON211,EST155,,2015-04-21,11,2023-11-19
REG0212,PER212,CAR003,CAR093,DEP045,EDU212,CON212,EST156,,2008-03-21,18,2023-02-10
REG0213,PER213,CAR003,CAR093,DEP001,EDU213,CON213,EST140,,2001-04-21,25,2022-09-21
REG0214,PER214,CAR003,CAR093,DEP016,EDU214,CON214,EST157,,1981-04-21,45,2022-02-15
REG0215,PER215,CAR003,CAR093,DEP019,EDU215,CON215,EST131,,2015-04-21,11,2022-06-24
REG0216,PER216,CAR001,CAR093,DEP056,EDU216,CON216,EST140,,1994-04-21,32,2023-03-13
REG0217,PER217,CAR003,CAR093,DEP016,EDU217,CON217,EST158,,1999-04-21,27,2024-11-27
REG0218,PER218,CAR002,CAR093,DEP036,EDU218,CON218,EST144,29/01/2004 al 22/01/2009,2009-08-25,16,2022-11-09
REG0219,PER219,CAR002,CAR093,DEP012,EDU219,CON219,EST159,,2012-04-21,14,2021-06-20
REG0220,PER220,CAR003,CAR093,DEP031,EDU220,CON220,EST064,,1994-02-07,32,2022-04-09
REG0221,PER221,CAR001,CAR093,DEP017,EDU221,CON221,EST160,,2018-04-21,8,2021-09-07
REG0222,PER222,CAR001,CAR093,DEP040,EDU222,CON222,EST161,04/04/2017/ 31/08/2024,1999-04-21,27,2022-01-25
REG0223,PER223,CAR001,CAR093,DEP045,EDU223,CON223,EST162,,2009-04-08,17,2023-04-23
REG0224,PER224,CAR003,CAR093,DEP013,EDU224,CON224,EST163,,2014-09-02,11,2021-08-16
REG0225,PER225,CAR001,CAR093,DEP012,EDU225,CON225,EST132,,1993-04-21,33,2025-09-01
REG0226,PER226,CAR003,CAR093,DEP032,EDU226,CON226,EST164,,2008-04-21,18,2025-01-15
REG0227,PER227,CAR002,CAR093,DEP010,EDU227,CON227,EST130,,2014-04-21,12,2025-07-11
REG0228,PER228,CAR001,CAR093,DEP071,EDU228,CON228,EST165,,2009-04-21,17,2023-05-12
REG0229,PER229,CAR002,CAR093,DEP049,EDU229,CON229,EST166,,2017-09-13,8,2022-12-30
REG0230,PER230,CAR007,CAR093,DEP026,EDU230,CON230,EST167,,2025-05-18,0,2025-08-25
REG0231,PER231,CAR001,CAR093,DEP036,EDU231,CON231,EST123,,2008-08-16,17,2023-04-26
REG0232,PER232,CAR001,CAR093,DEP033,EDU232,CON232,EST168,,1998-11-05,27,2023-03-16
REG0233,PER233,CAR002,CAR093,DEP051,EDU233,CON233,EST169,01-01-2016 AL 30-06-2022,2000-03-21,26,2025-11-20
REG0234,PER234,CAR001,CAR093,DEP014,EDU234,CON234,EST170,,1989-04-21,37,2021-09-12
REG0235,PER235,CAR001,CAR093,DEP005,EDU235,CON235,EST171,,2003-04-23,22,2024-05-06
REG0236,PER236,CAR003,CAR093,DEP063,EDU236,CON236,EST172,,2000-04-21,26,2025-02-08
REG0237,PER237,CAR003,CAR093,DEP016,EDU237,CON237,EST157,,1996-04-21,30,2024-05-27
REG0238,PER238,CAR001,CAR093,DEP006,EDU238,CON238,EST173,01-02-2006 AL 01/05/2022,1986-04-21,40,2024-03-09
REG0239,PER239,CAR002,CAR093,DEP002,EDU239,CON239,EST174,,1999-12-09,26,2025-01-01
REG0240,PER240,CAR003,CAR093,DEP040,EDU240,CON240,EST175,,2005-04-21,21,2023-04-15
REG0241,PER241,CAR002,CAR093,DEP044,EDU241,CON241,EST176,,1989-04-21,37,2025-08-16
REG0242,PER242,CAR001,CAR093,DEP026,EDU242,CON242,EST177,,2007-01-29,19,2023-06-17
REG0243,PER243,CAR003,CAR093,DEP070,EDU243,CON243,EST178,,2012-04-21,14,2025-11-30
REG0244,PER244,CAR001,CAR093,DEP034,EDU244,CON244,EST179,,1991-04-21,35,2024-06-03
REG0245,PER245,CAR002,CAR093,DEP036,EDU245,CON245,EST180,,2025-07-06,0,2022-12-25
REG0246,PER246,CAR003,CAR093,DEP010,EDU246,CON246,EST130,,2004-04-21,22,2021-05-31
REG0247,PER247,CAR001,CAR093,DEP001,EDU247,CON247,EST181,,2018-04-21,8,2021-07-26
REG0248,PER248,CAR003,CAR093,DEP049,EDU248,CON248,EST182,16-02-2016 al 27/10/2022,2017-08-18,8,2025-09-12
REG0249,PER249,CAR002,CAR093,DEP061,EDU249,CON249,EST183,,2025-10-01,0,2021-08-25
REG0250,PER250,CAR001,CAR093,DEP022,EDU250,CON250,EST184,,2025-12-17,0,2024-04-07
REG0251,PER251,CAR002,CAR093,DEP002,EDU251,CON251,EST174,,2008-04-21,18,2024-08-30
REG0252,PER252,CAR003,CAR093,DEP029,EDU252,CON252,EST185,27/06/2008 al 08/02/2012,2006-10-25,19,2024-06-07
REG0253,PER253,CAR002,CAR093,DEP012,EDU253,CON253,EST132,,1991-01-01,35,2022-01-23
REG0254,PER254,CAR003,CAR093,DEP019,EDU254,CON254,EST186,,1984-03-18,42,2024-12-27
REG0255,PER255,CAR003,CAR093,DEP048,EDU255,CON255,EST187,,2025-10-04,0,2024-03-11
REG0256,PER256,CAR003,CAR093,DEP069,EDU256,CON256,EST123,,2011-04-21,15,2021-08-30
REG0257,PER257,CAR001,CAR093,DEP066,EDU257,CON257,EST188,,2015-04-21,11,2025-05-26
REG0258,PER258,CAR001,CAR093,DEP047,EDU258,CON258,EST189,,1997-04-21,29,2022-10-09
REG0259,PER259,CAR003,CAR093,DEP069,EDU259,CON259,EST123,,2019-05-30,6,2021-06-26
REG0260,PER260,CAR003,CAR093,DEP002,EDU260,CON260,EST174,,2007-12-05,18,2021-10-20
REG0261,PER261,CAR001,CAR093,DEP040,EDU261,CON261,EST064,,2019-04-21,7,2021-07-06
REG0262,PER262,CAR003,CAR093,DEP010,EDU262,CON262,EST190,,2010-04-21,16,2025-03-30
REG0263,PER263,CAR001,CAR093,DEP051,EDU263,CON263,EST064,,2022-04-21,4,2026-01-17
REG0264,PER264,CAR001,CAR093,DEP042,EDU264,CON264,EST124,,2025-11-21,0,2021-09-06
REG0265,PER265,CAR001,CAR093,DEP022,EDU265,CON265,EST125,,1995-12-19,30,2022-06-19
REG0266,PER266,CAR001,CAR093,DEP008,EDU266,CON266,EST166,,2003-05-08,22,2025-11-11
REG0267,PER267,CAR003,CAR093,DEP033,EDU267,CON267,EST191,,1999-04-21,27,2026-03-14
REG0268,PER268,CAR001,CAR093,DEP031,EDU268,CON268,EST192,,1991-10-16,34,2023-12-02
REG0269,PER269,CAR001,CAR093,DEP026,EDU269,CON269,EST193,,1995-04-21,31,2026-04-17
REG0270,PER270,CAR003,CAR093,DEP004,EDU270,CON270,EST194,,2002-04-21,24,2024-01-13
REG0271,PER271,CAR001,CAR093,DEP008,EDU271,CON271,EST195,,2026-04-21,0,2022-07-12
REG0272,PER272,CAR003,CAR093,DEP015,EDU272,CON272,EST064,,1989-10-04,36,2024-10-16
REG0273,PER273,CAR002,CAR093,DEP077,EDU273,CON273,EST196,,1992-04-21,34,2022-11-13
REG0274,PER274,CAR001,CAR093,DEP035,EDU274,CON274,EST197,,1981-03-30,45,2024-12-19
REG0275,PER275,CAR003,CAR093,DEP026,EDU275,CON275,EST198,,2009-12-23,16,2024-07-15
REG0276,PER276,CAR003,CAR093,DEP004,EDU276,CON276,EST199,,2003-04-21,23,2024-07-26
REG0277,PER277,CAR001,CAR093,DEP026,EDU277,CON277,EST132,,2007-04-21,19,2022-12-30
REG0278,PER278,CAR002,CAR093,DEP011,EDU278,CON278,EST200,,2007-04-21,19,2025-04-18
REG0279,PER279,CAR002,CAR093,DEP002,EDU279,CON279,EST201,,2011-04-21,15,2025-11-03
REG0280,PER280,CAR003,CAR093,DEP013,EDU280,CON280,EST202,,1999-04-21,27,2022-01-03
REG0281,PER281,CAR003,CAR093,DEP010,EDU281,CON281,EST130,,2020-04-21,6,2023-04-30
REG0282,PER282,CAR001,CAR093,DEP061,EDU282,CON282,EST183,,1983-04-21,43,2022-05-29
REG0283,PER283,CAR003,CAR093,DEP002,EDU283,CON283,EST174,,2023-04-21,3,2024-06-30
REG0284,PER284,CAR003,CAR093,DEP015,EDU284,CON284,EST203,,2021-04-21,5,2021-07-07
REG0285,PER285,CAR002,CAR093,DEP033,EDU285,CON285,EST064,,2026-01-22,0,2022-01-01
REG0286,PER286,CAR005,CAR093,DEP075,EDU286,CON286,EST204,,2016-04-21,10,2023-02-10
REG0287,PER287,CAR002,CAR093,DEP031,EDU287,CON287,EST205,,2004-04-21,22,2026-04-13
REG0288,PER288,CAR002,CAR093,DEP080,EDU288,CON288,EST064,,1997-11-21,28,2023-04-03
REG0289,PER289,CAR001,CAR093,DEP078,EDU289,CON289,EST206,,1994-04-21,32,2021-10-15
REG0290,PER290,CAR002,CAR093,DEP025,EDU290,CON290,EST207,09/07/1979 al 10/05/1987,2006-04-21,20,2021-11-08
REG0291,PER291,CAR001,CAR093,DEP013,EDU291,CON291,EST064,,2006-11-13,19,2021-07-29
REG0292,PER292,CAR002,CAR093,DEP008,EDU292,CON292,EST208,,1997-04-21,29,2022-06-12
REG0293,PER293,CAR003,CAR093,DEP051,EDU293,CON293,EST209,,2015-03-20,11,2021-09-03
REG0294,PER294,CAR002,CAR093,DEP056,EDU294,CON294,EST210,,1984-09-20,41,2024-05-19
REG0295,PER295,CAR002,CAR093,DEP019,EDU295,CON295,EST131,,2025-07-28,0,2022-10-13
REG0296,PER296,CAR003,CAR093,DEP028,EDU296,CON296,EST211,,2013-12-12,12,2024-01-03
REG0297,PER297,CAR001,CAR093,DEP047,EDU297,CON297,EST212,04-03-2024 al 10/11/2025,2014-04-21,12,2021-10-24
REG0298,PER298,CAR002,CAR093,DEP022,EDU298,CON298,EST213,,2015-04-21,11,2022-05-16
REG0299,PER299,CAR001,CAR093,DEP023,EDU299,CON299,EST214,,1990-02-18,36,2022-09-04
REG0300,PER300,CAR002,CAR093,DEP060,EDU300,CON300,EST215,,2015-04-21,11,2021-05-29
REG0301,PER301,CAR002,CAR093,DEP010,EDU301,CON301,EST216,05/02/2019 AL 13/02/2024,2013-04-21,13,2025-11-18
REG0302,PER302,CAR003,CAR094,DEP026,EDU302,CON302,EST217,,1996-04-12,30,2021-08-09
REG0303,PER303,CAR003,CAR094,DEP081,EDU303,CON303,EST218,,1990-04-21,36,2022-12-30
REG0304,PER304,CAR007,CAR094,DEP026,EDU304,CON304,EST219,,2007-04-21,19,2022-10-13
REG0305,PER305,CAR001,CAR094,DEP026,EDU305,CON305,EST220,,2006-06-17,19,2026-04-09
REG0306,PER306,CAR003,CAR094,DEP026,EDU306,CON306,EST221,,2008-04-21,18,2025-07-14
REG0307,PER307,CAR007,CAR094,DEP026,EDU307,CON307,EST222,,2001-09-28,24,2021-05-15
REG0308,PER308,CAR007,CAR094,DEP073,EDU308,CON308,EST223,,2026-04-21,0,2024-05-12
REG0309,PER309,CAR003,CAR094,DEP005,EDU309,CON309,EST224,,2026-04-21,0,2022-12-31
REG0310,PER310,CAR002,CAR094,DEP001,EDU310,CON310,EST225,,2006-04-21,20,2021-06-27
REG0311,PER311,CAR001,CAR094,DEP016,EDU311,CON311,EST223,,2016-04-21,10,2022-04-17
REG0312,PER312,CAR007,CAR094,DEP026,EDU312,CON312,EST226,,2001-09-14,24,2025-04-13
REG0313,PER313,CAR007,CAR094,DEP026,EDU313,CON313,EST227,,2026-04-21,0,2021-12-20
REG0314,PER314,CAR011,CAR096,DEP024,EDU314,CON314,EST228,,2018-04-21,8,2024-10-17
REG0315,PER315,CAR010,CAR096,DEP039,EDU315,CON315,EST229,,2009-04-21,17,2023-07-09
REG0316,PER316,CAR010,CAR096,DEP048,EDU316,CON316,EST230,,2011-04-21,15,2022-12-11
REG0317,PER317,CAR011,CAR096,DEP033,EDU317,CON317,EST231,,2016-04-21,10,2025-09-30
REG0318,PER318,CAR012,CAR096,DEP012,EDU318,CON318,EST232,,2017-04-21,9,2024-08-23
REG0319,PER319,CAR011,CAR096,DEP031,EDU319,CON319,EST233,20-06-1990 AL 31-05-1994,1997-04-21,29,2024-08-12
REG0320,PER320,CAR011,CAR096,DEP040,EDU320,CON320,EST234,,1989-04-14,37,2022-07-20
REG0321,PER321,CAR010,CAR096,DEP044,EDU321,CON321,EST235,,2020-04-21,6,2024-10-18
REG0322,PER322,CAR012,CAR096,DEP047,EDU322,CON322,EST236,,2005-08-29,20,2022-11-25
REG0323,PER323,CAR010,CAR096,DEP045,EDU323,CON323,EST237,,1989-05-04,36,2021-05-05
REG0324,PER324,CAR012,CAR096,DEP045,EDU324,CON324,EST238,,2002-04-21,24,2023-07-07
REG0325,PER325,CAR011,CAR097,DEP036,EDU325,CON325,EST239,14/05/1994 al 05/05/2005//30/04/1993 al 13/05/1994,2025-11-30,0,2023-09-13
REG0326,PER326,CAR008,CAR097,DEP031,EDU326,CON326,EST240,,1987-04-21,39,2024-03-26
REG0327,PER327,CAR048,CAR098,DEP036,EDU327,CON327,EST241,,2022-04-21,4,2021-06-18
REG0328,PER328,CAR024,CAR096,DEP026,EDU328,CON328,EST242,,2025-07-13,0,2025-09-03
REG0329,PER329,CAR032,CAR096,DEP073,EDU329,CON329,EST243,,2001-02-23,25,2025-12-20
REG0330,PER330,CAR003,CAR096,DEP022,EDU330,CON330,EST244,,2002-04-21,24,2022-03-13
REG0331,PER331,CAR001,CAR096,DEP027,EDU331,CON331,EST245,,2015-01-20,11,2022-07-28
REG0332,PER332,CAR001,CAR096,DEP040,EDU332,CON332,EST246,,2007-04-21,19,2022-09-16
REG0333,PER333,CAR003,CAR096,DEP025,EDU333,CON333,EST247,,1997-04-21,29,2025-01-07
REG0334,PER334,CAR004,CAR096,DEP017,EDU334,CON334,EST248,,1991-01-30,35,2026-02-03
REG0335,PER335,CAR003,CAR096,DEP022,EDU335,CON335,EST249,,1994-05-20,31,2022-09-16
REG0336,PER336,CAR002,CAR096,DEP034,EDU336,CON336,EST250,,1988-04-21,38,2021-11-26
REG0337,PER337,CAR001,CAR096,DEP010,EDU337,CON337,EST251,,1996-12-04,29,2022-09-24
REG0338,PER338,CAR001,CAR096,DEP029,EDU338,CON338,EST252,,2011-04-21,15,2023-09-01
REG0339,PER339,CAR003,CAR096,DEP015,EDU339,CON339,EST253,,2026-02-25,0,2021-05-01
REG0340,PER340,CAR001,CAR096,DEP017,EDU340,CON340,EST254,,1994-04-21,32,2025-11-12
REG0341,PER341,CAR004,CAR096,DEP017,EDU341,CON341,EST255,,2010-04-21,16,2025-06-21
REG0342,PER342,CAR002,CAR096,DEP002,EDU342,CON342,EST256,,2001-04-21,25,2021-05-03
REG0343,PER343,CAR002,CAR096,DEP014,EDU343,CON343,EST257,,2001-04-21,25,2026-01-11
REG0344,PER344,CAR001,CAR096,DEP002,EDU344,CON344,EST256,,1988-10-03,37,2023-06-29
REG0345,PER345,CAR003,CAR096,DEP044,EDU345,CON345,EST064,,1999-04-21,27,2024-02-24
REG0346,PER346,CAR002,CAR096,DEP010,EDU346,CON346,EST251,,1993-02-06,33,2024-10-08
REG0347,PER347,CAR003,CAR096,DEP035,EDU347,CON347,EST258,,2016-04-21,10,2024-05-20
REG0348,PER348,CAR001,CAR096,DEP013,EDU348,CON348,EST259,,1993-04-21,33,2023-04-24
REG0349,PER349,CAR002,CAR096,DEP036,EDU349,CON349,EST165,,2004-12-22,21,2026-04-16
REG0350,PER350,CAR001,CAR096,DEP013,EDU350,CON350,EST260,,1996-04-27,29,2025-07-22
REG0351,PER351,CAR004,CAR096,DEP017,EDU351,CON351,EST248,,1991-06-23,34,2023-12-05
REG0352,PER352,CAR002,CAR096,DEP012,EDU352,CON352,EST261,,2012-04-21,14,2021-11-11
REG0353,PER353,CAR001,CAR096,DEP063,EDU353,CON353,EST262,,2013-04-21,13,2022-11-02
REG0354,PER354,CAR004,CAR096,DEP017,EDU354,CON354,EST263,,2018-02-19,8,2021-11-14
REG0355,PER355,CAR002,CAR096,DEP049,EDU355,CON355,EST256,01/04/2010 AL 20/02/2023,2006-04-21,20,2022-04-14
REG0356,PER356,CAR003,CAR096,DEP063,EDU356,CON356,EST064,,2025-05-30,0,2022-07-10
REG0357,PER357,CAR003,CAR096,DEP006,EDU357,CON357,EST264,,2000-05-25,25,2023-05-12
REG0358,PER358,CAR001,CAR096,DEP028,EDU358,CON358,EST245,,2015-04-21,11,2026-03-03
REG0359,PER359,CAR001,CAR096,DEP036,EDU359,CON359,EST265,,2025-05-07,0,2021-10-03
REG0360,PER360,CAR003,CAR096,DEP016,EDU360,CON360,EST266,,1984-05-22,41,2024-07-22
REG0361,PER361,CAR001,CAR096,DEP051,EDU361,CON361,EST267,,2009-04-21,17,2023-03-26
REG0362,PER362,CAR003,CAR097,DEP044,EDU362,CON362,EST268,,1984-04-21,42,2024-12-17
REG0363,PER363,CAR001,CAR097,DEP040,EDU363,CON363,EST269,,1986-08-30,39,2023-08-05
REG0364,PER364,CAR003,CAR097,DEP014,EDU364,CON364,EST270,,2005-04-21,21,2022-02-09
REG0365,PER365,CAR001,CAR097,DEP018,EDU365,CON365,EST271,,2002-04-21,24,2021-11-17
REG0366,PER366,CAR001,CAR097,DEP036,EDU366,CON366,EST199,,2023-04-04,3,2023-12-07
REG0367,PER367,CAR003,CAR099,DEP063,EDU367,CON367,EST262,,2004-04-21,22,2022-01-17
REG0368,PER368,CAR001,CAR098,DEP027,EDU368,CON368,EST272,,2003-06-19,22,2021-11-08
REG0369,PER369,CAR001,CAR098,DEP061,EDU369,CON369,EST273,,1993-06-09,32,2025-06-13
REG0370,PER370,CAR007,CAR098,DEP027,EDU370,CON370,EST274,,1997-05-09,28,2022-01-20
REG0371,PER371,CAR003,CAR098,DEP026,EDU371,CON371,EST275,,1992-04-21,34,2024-11-16
REG0372,PER372,CAR007,CAR098,DEP027,EDU372,CON372,EST276,,1990-04-21,36,2023-05-10
REG0373,PER373,CAR007,CAR098,DEP081,EDU373,CON373,EST064,,2025-04-21,1,2025-08-18
REG0374,PER374,CAR003,CAR098,DEP026,EDU374,CON374,EST277,,2011-04-21,15,2025-05-04
REG0375,PER375,CAR007,CAR098,DEP027,EDU375,CON375,EST274,,2026-04-21,0,2026-03-13
REG0376,PER376,CAR003,CAR098,DEP028,EDU376,CON376,EST278,,2026-04-02,0,2021-07-12
REG0377,PER377,CAR001,CAR098,DEP027,EDU377,CON377,EST279,,1996-08-31,29,2021-08-08
REG0378,PER378,CAR001,CAR098,DEP026,EDU378,CON378,EST277,,1996-04-21,30,2022-10-22
REG0379,PER379,CAR001,CAR098,DEP026,EDU379,CON379,EST280,,2011-04-21,15,2024-02-17
REG0380,PER380,CAR001,CAR098,DEP026,EDU380,CON380,EST281,,1995-04-21,31,2023-04-03
REG0381,PER381,CAR049,CAR100,DEP034,EDU381,CON381,EST282,,1990-04-21,36,2025-03-26
REG0382,PER382,CAR050,CAR100,DEP026,EDU382,CON382,EST283,,2004-10-15,21,2023-01-05
REG0383,PER383,CAR002,CAR101,DEP005,EDU383,CON383,EST284,,2025-08-02,0,2026-01-28
REG0384,PER384,CAR001,CAR101,DEP005,EDU384,CON384,EST285,,2012-04-21,14,2022-02-02
REG0385,PER385,CAR007,CAR102,DEP026,EDU385,CON385,EST286,,2002-04-21,24,2022-10-14
REG0386,PER386,CAR001,CAR102,DEP026,EDU386,CON386,EST286,,2015-06-29,10,2022-12-09
REG0387,PER387,CAR007,CAR102,DEP026,EDU387,CON387,EST286,,2001-04-21,25,2022-08-03
REG0388,PER388,CAR001,CAR102,DEP026,EDU388,CON388,EST287,,2015-04-21,11,2021-11-25
REG0389,PER389,CAR001,CAR102,DEP026,EDU389,CON389,EST286,,1990-04-21,36,2025-05-20
REG0390,PER390,CAR007,CAR102,DEP026,EDU390,CON390,EST286,,2003-12-09,22,2022-07-06
REG0391,PER391,CAR003,CAR102,DEP026,EDU391,CON391,EST288,01/03/2017 AL 01/05/2022,2025-04-22,0,2025-09-13
REG0392,PER392,CAR003,CAR100,DEP001,EDU392,CON392,EST289,,2015-04-21,11,2025-01-23
REG0393,PER393,CAR002,CAR100,DEP013,EDU393,CON393,EST290,,2025-07-02,0,2021-12-20
REG0394,PER394,CAR002,CAR100,DEP005,EDU394,CON394,EST291,,2019-09-13,6,2024-09-28
REG0395,PER395,CAR003,CAR100,DEP026,EDU395,CON395,EST292,,1990-12-21,35,2024-07-06
REG0396,PER396,CAR001,CAR100,DEP029,EDU396,CON396,EST293,,2004-04-21,22,2022-05-21
REG0397,PER397,CAR002,CAR100,DEP029,EDU397,CON397,EST294,,2014-05-05,11,2021-05-17
REG0398,PER398,CAR003,CAR100,DEP047,EDU398,CON398,EST295,,2012-04-21,14,2022-12-14
REG0399,PER399,CAR003,CAR100,DEP026,EDU399,CON399,EST296,,2025-05-28,0,2021-07-14
REG0400,PER400,CAR003,CAR100,DEP026,EDU400,CON400,EST297,,2025-08-06,0,2022-04-01
REG0401,PER401,CAR001,CAR100,DEP013,EDU401,CON401,EST295,,2017-07-20,8,2022-01-09
REG0402,PER402,CAR003,CAR100,DEP001,EDU402,CON402,EST289,,2010-04-21,16,2021-09-26
REG0403,PER403,CAR019,CAR103,DEP040,EDU403,CON403,EST298,,1988-04-23,37,2024-01-21
REG0404,PER404,CAR021,CAR103,DEP040,EDU404,CON404,EST299,,2014-03-14,12,2021-11-11
REG0405,PER405,CAR022,CAR104,DEP033,EDU405,CON405,EST300,,2017-04-21,9,2021-05-10
REG0406,PER406,CAR022,CAR104,DEP028,EDU406,CON406,EST301,,1997-10-27,28,2024-06-17
REG0407,PER407,CAR028,CAR105,DEP019,EDU407,CON407,EST302,,1980-07-11,45,2024-08-20
REG0408,PER408,CAR030,CAR105,DEP031,EDU408,CON408,EST303,,1986-05-03,39,2023-03-22
REG0409,PER409,CAR030,CAR105,DEP059,EDU409,CON409,EST304,,2013-04-21,13,2022-12-27
REG0410,PER410,CAR051,CAR105,DEP079,EDU410,CON410,EST305,,2022-04-21,4,2023-03-24
REG0411,PER411,CAR030,CAR105,DEP062,EDU411,CON411,EST306,,2026-02-14,0,2025-09-30
REG0412,PER412,CAR052,CAR105,DEP018,EDU412,CON412,EST307,,2013-04-21,13,2026-02-21
REG0413,PER413,CAR029,CAR103,DEP079,EDU413,CON413,EST308,03/01/1992 al 31/12/2001,1985-04-21,41,2022-04-20
REG0414,PER414,CAR033,CAR103,DEP061,EDU414,CON414,EST309,,2019-04-21,7,2025-07-28
REG0415,PER415,CAR028,CAR106,DEP047,EDU415,CON415,EST310,,2000-05-12,25,2025-10-04
REG0416,PER416,CAR033,CAR103,DEP031,EDU416,CON416,EST311,,2013-04-21,13,2022-12-26
REG0417,PER417,CAR030,CAR107,DEP059,EDU417,CON417,EST312,,2017-04-21,9,2026-01-22
REG0418,PER418,CAR028,CAR108,DEP059,EDU418,CON418,EST313,,2009-04-21,17,2024-08-04
REG0419,PER419,CAR051,CAR104,DEP031,EDU419,CON419,EST314,,2000-05-23,25,2023-06-26
REG0420,PER420,CAR033,CAR104,DEP033,EDU420,CON420,EST315,,2004-12-07,21,2022-07-26
REG0421,PER421,CAR053,CAR109,DEP026,EDU421,CON421,EST316,,2022-04-21,4,2025-01-18
REG0422,PER422,CAR054,CAR104,DEP031,EDU422,CON422,EST317,,1987-04-21,39,2023-07-01
REG0423,PER423,CAR055,CAR104,DEP080,EDU423,CON423,EST318,,2018-04-21,8,2021-07-12
REG0424,PER424,CAR028,CAR104,DEP022,EDU424,CON424,EST319,,1995-04-21,31,2024-06-16
REG0425,PER425,CAR040,CAR104,DEP024,EDU425,CON425,EST320,,2016-04-21,10,2024-02-27
REG0426,PER426,CAR043,CAR104,DEP038,EDU426,CON426,EST321,,1981-04-21,45,2023-08-31
REG0427,PER427,CAR056,CAR104,DEP027,EDU427,CON427,EST322,,2009-04-21,17,2023-06-19
REG0428,PER428,CAR057,CAR105,DEP028,EDU428,CON428,EST323,,2026-01-11,0,2021-12-21
REG0429,PER429,CAR058,CAR105,DEP038,EDU429,CON429,EST324,,1984-04-21,42,2024-08-17
REG0430,PER430,CAR001,CAR105,DEP025,EDU430,CON430,EST325,,1986-04-21,40,2022-08-27
REG0431,PER431,CAR002,CAR105,DEP079,EDU431,CON431,EST326,,2006-04-21,20,2022-07-24
REG0432,PER432,CAR007,CAR105,DEP028,EDU432,CON432,EST327,,2014-04-21,12,2023-09-24
REG0433,PER433,CAR003,CAR105,DEP027,EDU433,CON433,EST328,,2024-04-21,2,2023-07-25
REG0434,PER434,CAR002,CAR105,DEP039,EDU434,CON434,EST329,,1981-04-21,45,2022-03-08
REG0435,PER435,CAR001,CAR105,DEP079,EDU435,CON435,EST330,,1990-04-21,36,2022-06-12
REG0436,PER436,CAR003,CAR105,DEP010,EDU436,CON436,EST331,,2025-04-21,1,2023-08-15
REG0437,PER437,CAR002,CAR105,DEP053,EDU437,CON437,EST326,,2023-12-21,2,2024-10-04
REG0438,PER438,CAR003,CAR103,DEP009,EDU438,CON438,EST332,,1993-03-11,33,2024-09-14
REG0439,PER439,CAR003,CAR103,DEP001,EDU439,CON439,EST333,,2002-04-21,24,2025-03-12
REG0440,PER440,CAR001,CAR103,DEP046,EDU440,CON440,EST334,01-08-2014 AL 11/09/2022,1995-03-20,31,2023-11-11
REG0441,PER441,CAR003,CAR104,DEP027,EDU441,CON441,EST335,,2025-08-18,0,2021-12-23
REG0442,PER442,CAR003,CAR104,DEP027,EDU442,CON442,EST336,,2012-04-21,14,2022-11-23
REG0443,PER443,CAR003,CAR104,DEP001,EDU443,CON443,EST337,,2013-04-21,13,2023-05-21
REG0444,PER444,CAR003,CAR104,DEP027,EDU444,CON444,EST338,,2012-04-21,14,2025-01-30
REG0445,PER445,CAR007,CAR104,DEP026,EDU445,CON445,EST336,,2019-04-21,7,2023-09-04
REG0446,PER446,CAR003,CAR104,DEP028,EDU446,CON446,EST336,,2017-04-21,9,2024-07-18
REG0447,PER447,CAR002,CAR104,DEP079,EDU447,CON447,EST064,04-05-2012 AL 02/03/2025,1990-04-21,36,2022-07-21
REG0448,PER448,CAR001,CAR104,DEP067,EDU448,CON448,EST336,,2006-08-02,19,2025-09-27
REG0449,PER449,CAR030,CAR110,DEP060,EDU449,CON449,EST339,,2010-04-21,16,2025-02-08
REG0450,PER450,CAR030,CAR110,DEP079,EDU450,CON450,EST340,,1991-06-25,34,2025-12-14
REG0451,PER451,CAR051,CAR110,DEP019,EDU451,CON451,EST341,,2006-04-21,20,2022-12-03
REG0452,PER452,CAR051,CAR110,DEP013,EDU452,CON452,EST342,14/01/1988 al 24/01/1992,1989-04-21,37,2022-08-07
REG0453,PER453,CAR059,CAR111,DEP077,EDU453,CON453,EST343,,2025-10-30,0,2023-10-19
REG0454,PER454,CAR051,CAR111,DEP079,EDU454,CON454,EST344,,1993-04-21,33,2024-08-17
REG0455,PER455,CAR030,CAR111,DEP012,EDU455,CON455,EST345,,2003-05-14,22,2024-06-17
REG0456,PER456,CAR030,CAR111,DEP080,EDU456,CON456,EST346,,2015-04-21,11,2024-10-31
REG0457,PER457,CAR059,CAR111,DEP033,EDU457,CON457,EST347,,2021-05-14,4,2023-02-08
REG0458,PER458,CAR052,CAR111,DEP054,EDU458,CON458,EST348,,2026-02-27,0,2023-10-28
REG0459,PER459,CAR030,CAR111,DEP059,EDU459,CON459,EST349,,2017-12-30,8,2026-03-31
REG0460,PER460,CAR030,CAR111,DEP080,EDU460,CON460,EST350,,1981-07-28,44,2024-05-21
REG0461,PER461,CAR051,CAR111,DEP079,EDU461,CON461,EST351,,2026-04-21,0,2023-03-11
REG0462,PER462,CAR030,CAR111,DEP042,EDU462,CON462,EST352,,1992-01-22,34,2023-03-26
REG0463,PER463,CAR026,CAR112,DEP077,EDU463,CON463,EST353,,1984-06-30,41,2022-02-21
REG0464,PER464,CAR034,CAR113,DEP067,EDU464,CON464,EST354,,2025-06-08,0,2024-11-09
REG0465,PER465,CAR026,CAR113,DEP040,EDU465,CON465,EST355,19/11/1985 -27/11/1985//08/11/1985-30/06/1990//11/02/1991-08/04/2003,1994-04-21,32,2021-06-16
REG0466,PER466,CAR033,CAR114,DEP062,EDU466,CON466,EST356,,2003-04-12,23,2024-07-18
REG0467,PER467,CAR033,CAR112,DEP006,EDU467,CON467,EST357,,2025-05-17,0,2021-12-23
REG0468,PER468,CAR028,CAR112,DEP033,EDU468,CON468,EST358,,1985-10-31,40,2022-02-21
REG0469,PER469,CAR028,CAR112,DEP059,EDU469,CON469,EST359,,1999-04-21,27,2021-05-31
REG0470,PER470,CAR028,CAR112,DEP059,EDU470,CON470,EST360,,1994-04-21,32,2026-04-09
REG0471,PER471,CAR033,CAR112,DEP025,EDU471,CON471,EST361,,1984-04-21,42,2021-08-21
REG0472,PER472,CAR028,CAR112,DEP013,EDU472,CON472,EST362,02/11/1983 al 31/01/1986- 22/02/1987 al 31/12/1990,2020-04-21,6,2022-05-27
REG0473,PER473,CAR033,CAR112,DEP023,EDU473,CON473,EST363,,1985-12-13,40,2022-11-16
REG0474,PER474,CAR060,CAR111,DEP028,EDU474,CON474,EST364,,1985-02-23,41,2024-07-06
REG0475,PER475,CAR056,CAR112,DEP054,EDU475,CON475,EST365,,2019-04-21,7,2022-04-17
REG0476,PER476,CAR056,CAR112,DEP048,EDU476,CON476,EST366,,2013-04-21,13,2026-02-13
REG0477,PER477,CAR061,CAR110,DEP079,EDU477,CON477,EST367,,2025-10-31,0,2024-04-22
REG0478,PER478,CAR062,CAR110,DEP026,EDU478,CON478,EST368,,2023-04-21,3,2025-11-02
REG0479,PER479,CAR057,CAR111,DEP060,EDU479,CON479,EST369,,1993-04-28,32,2021-07-25
REG0480,PER480,CAR061,CAR111,DEP028,EDU480,CON480,EST370,,2003-07-31,22,2024-03-15
REG0481,PER481,CAR061,CAR111,DEP031,EDU481,CON481,EST371,,2022-04-21,4,2024-04-18
REG0482,PER482,CAR063,CAR111,DEP014,EDU482,CON482,EST372,,1988-12-26,37,2024-08-19
REG0483,PER483,CAR064,CAR111,DEP027,EDU483,CON483,EST373,,1997-04-21,29,2022-11-03
REG0484,PER484,CAR065,CAR111,DEP059,EDU484,CON484,EST374,,2013-04-21,13,2022-04-04
REG0485,PER485,CAR066,CAR111,DEP002,EDU485,CON485,EST375,,1993-02-02,33,2023-02-10
REG0486,PER486,CAR002,CAR115,DEP040,EDU486,CON486,EST376,26/03/2019 al 30/08/2021,2014-04-21,12,2024-01-03
REG0487,PER487,CAR002,CAR115,DEP001,EDU487,CON487,EST377,,2006-12-01,19,2024-03-10
REG0488,PER488,CAR001,CAR115,DEP008,EDU488,CON488,EST378,,1989-04-21,37,2022-03-04
REG0489,PER489,CAR001,CAR115,DEP014,EDU489,CON489,EST379,03/01/2023 al 26/06/2023,2026-02-07,0,2025-06-19
REG0490,PER490,CAR002,CAR115,DEP036,EDU490,CON490,EST380,,2013-04-21,13,2025-11-01
REG0491,PER491,CAR003,CAR115,DEP014,EDU491,CON491,EST381,08/10/2019 AL 01/05/2022,2013-04-21,13,2025-09-22
REG0492,PER492,CAR002,CAR115,DEP038,EDU492,CON492,EST382,,2001-10-28,24,2021-06-07
REG0493,PER493,CAR003,CAR115,DEP038,EDU493,CON493,EST380,,2020-08-08,5,2021-11-15
REG0494,PER494,CAR007,CAR116,DEP081,EDU494,CON494,EST383,,2025-11-24,0,2025-06-05
REG0495,PER495,CAR001,CAR115,DEP073,EDU495,CON495,EST384,,1997-04-21,29,2024-07-25
REG0496,PER496,CAR002,CAR115,DEP079,EDU496,CON496,EST385,,2013-04-21,13,2023-09-30
REG0497,PER497,CAR002,CAR115,DEP024,EDU497,CON497,EST386,,2025-12-07,0,2023-02-25
REG0498,PER498,CAR002,CAR115,DEP001,EDU498,CON498,EST387,,2025-11-01,0,2023-12-20
REG0499,PER499,CAR003,CAR115,DEP031,EDU499,CON499,EST388,,2026-02-16,0,2023-08-12
REG0500,PER500,CAR001,CAR115,DEP079,EDU500,CON500,EST389,,2014-04-21,12,2022-10-17
REG0501,PER501,CAR003,CAR115,DEP038,EDU501,CON501,EST390,,2025-04-21,1,2024-02-14
REG0502,PER502,CAR002,CAR115,DEP080,EDU502,CON502,EST391,19-01-2016 al 28/02/2023,2021-02-24,5,2022-03-18
REG0503,PER503,CAR002,CAR115,DEP054,EDU503,CON503,EST392,17-09-2008 AL 20/04/2022,2004-04-21,22,2023-04-03
REG0504,PER504,CAR002,CAR115,DEP033,EDU504,CON504,EST393,,2018-04-21,8,2021-06-20
REG0505,PER505,CAR001,CAR115,DEP035,EDU505,CON505,EST394,,2019-04-21,7,2021-05-07
REG0506,PER506,CAR001,CAR116,DEP060,EDU506,CON506,EST395,,1989-04-26,36,2025-09-22
REG0507,PER507,CAR003,CAR115,DEP066,EDU507,CON507,EST396,,2014-04-21,12,2023-07-21
REG0508,PER508,CAR002,CAR115,DEP031,EDU508,CON508,EST380,,2025-06-02,0,2024-09-30
REG0509,PER509,CAR001,CAR115,DEP046,EDU509,CON509,EST397,,2019-10-22,6,2025-07-15
REG0510,PER510,CAR003,CAR115,DEP069,EDU510,CON510,EST380,,2021-04-21,5,2023-08-09
REG0511,PER511,CAR002,CAR115,DEP040,EDU511,CON511,EST398,,1994-04-21,32,2024-11-12
REG0512,PER512,CAR002,CAR115,DEP060,EDU512,CON512,EST399,01-02-2016 AL,1989-03-18,37,2022-09-26
REG0513,PER513,CAR002,CAR115,DEP082,EDU513,CON513,EST380,,2025-06-05,0,2021-05-29
REG0514,PER514,CAR001,CAR115,DEP077,EDU514,CON514,EST380,,2013-04-21,13,2021-07-13
REG0515,PER515,CAR002,CAR115,DEP077,EDU515,CON515,EST380,,2002-04-21,24,2021-08-03
REG0516,PER516,CAR001,CAR115,DEP056,EDU516,CON516,EST400,,2020-04-21,6,2024-07-12
REG0517,PER517,CAR002,CAR115,DEP007,EDU517,CON517,EST401,,2018-03-04,8,2024-05-14
REG0518,PER518,CAR003,CAR115,DEP036,EDU518,CON518,EST380,,2025-09-16,0,2025-04-24
REG0519,PER519,CAR001,CAR115,DEP060,EDU519,CON519,EST402,,2000-04-21,26,2024-07-11
REG0520,PER520,CAR002,CAR110,DEP079,EDU520,CON520,EST403,21/04/2022 AL 08/07/2025,2013-04-21,13,2024-12-30
REG0521,PER521,CAR007,CAR110,DEP073,EDU521,CON521,EST404,,2014-01-01,12,2024-04-23
REG0522,PER522,CAR004,CAR117,DEP017,EDU522,CON522,EST405,,2017-01-20,9,2024-08-16
REG0523,PER523,CAR001,CAR110,DEP032,EDU523,CON523,EST406,,2021-04-21,5,2022-08-04
REG0524,PER524,CAR007,CAR110,DEP027,EDU524,CON524,EST407,04-01-2023 AL 17/05/2023,2020-02-19,6,2022-03-21
REG0525,PER525,CAR001,CAR110,DEP001,EDU525,CON525,EST403,21/06/2019 AL 30-12-2022,2007-07-03,18,2025-06-05
REG0526,PER526,CAR002,CAR110,DEP054,EDU526,CON526,EST408,,2000-04-21,26,2022-10-23
REG0527,PER527,CAR007,CAR110,DEP063,EDU527,CON527,EST409,19-01-2016 AL 30-08-2022,2012-04-21,14,2023-04-22
REG0528,PER528,CAR001,CAR110,DEP077,EDU528,CON528,EST410,,2022-08-14,3,2021-12-23
REG0529,PER529,CAR002,CAR110,DEP018,EDU529,CON529,EST411,,1995-04-21,31,2023-12-01
REG0530,PER530,CAR001,CAR110,DEP029,EDU530,CON530,EST412,,2000-08-14,25,2025-11-15
REG0531,PER531,CAR002,CAR110,DEP033,EDU531,CON531,EST413,,2022-04-21,4,2024-07-01
REG0532,PER532,CAR002,CAR110,DEP080,EDU532,CON532,EST414,,2016-04-21,10,2021-06-03
REG0533,PER533,CAR003,CAR110,DEP001,EDU533,CON533,EST415,,2023-04-21,3,2022-11-27
REG0534,PER534,CAR001,CAR118,DEP035,EDU534,CON534,EST416,,1996-04-21,30,2026-04-07
REG0535,PER535,CAR003,CAR110,DEP042,EDU535,CON535,EST417,,2019-06-25,6,2021-04-26
REG0536,PER536,CAR001,CAR110,DEP015,EDU536,CON536,EST418,,2008-07-11,17,2026-03-16
REG0537,PER537,CAR002,CAR110,DEP040,EDU537,CON537,EST419,,2004-12-21,21,2022-07-01
REG0538,PER538,CAR003,CAR110,DEP055,EDU538,CON538,EST403,,2011-04-21,15,2024-07-26
REG0539,PER539,CAR001,CAR110,DEP028,EDU539,CON539,EST420,,1998-04-21,28,2024-03-22
REG0540,PER540,CAR003,CAR110,DEP038,EDU540,CON540,EST421,,2016-04-21,10,2022-03-05
REG0541,PER541,CAR002,CAR110,DEP044,EDU541,CON541,EST422,,2010-04-21,16,2025-09-07
REG0542,PER542,CAR001,CAR110,DEP001,EDU542,CON542,EST423,,2025-08-13,0,2024-02-08
REG0543,PER543,CAR002,CAR110,DEP036,EDU543,CON543,EST424,,2012-04-21,14,2023-03-06
REG0544,PER544,CAR002,CAR110,DEP031,EDU544,CON544,EST403,,1993-04-21,33,2023-03-21
REG0545,PER545,CAR003,CAR110,DEP079,EDU545,CON545,EST403,,1999-04-21,27,2021-08-16
REG0546,PER546,CAR003,CAR110,DEP031,EDU546,CON546,EST425,10-07-2006 AL 11/09/2022,2010-04-21,16,2025-01-21
REG0547,PER547,CAR002,CAR110,DEP059,EDU547,CON547,EST426,,2008-04-21,18,2025-01-16
REG0548,PER548,CAR002,CAR110,DEP033,EDU548,CON548,EST427,,1978-06-03,47,2026-04-03
REG0549,PER549,CAR001,CAR110,DEP059,EDU549,CON549,EST428,,2020-02-07,6,2022-08-15
REG0550,PER550,CAR001,CAR110,DEP060,EDU550,CON550,EST429,,1993-04-21,33,2024-12-05
REG0551,PER551,CAR003,CAR110,DEP035,EDU551,CON551,EST430,,1997-04-21,29,2021-10-20
REG0552,PER552,CAR003,CAR110,DEP063,EDU552,CON552,EST431,,1984-03-12,42,2022-06-10
REG0553,PER553,CAR003,CAR110,DEP042,EDU553,CON553,EST432,,2018-04-21,8,2024-10-25
REG0554,PER554,CAR003,CAR110,DEP035,EDU554,CON554,EST433,,1996-04-21,30,2023-04-30
REG0555,PER555,CAR001,CAR110,DEP079,EDU555,CON555,EST434,,2000-02-27,26,2024-10-12
REG0556,PER556,CAR002,CAR119,DEP059,EDU556,CON556,EST435,,1989-04-21,37,2023-03-28
REG0557,PER557,CAR003,CAR110,DEP001,EDU557,CON557,EST436,18/08/2016 AL 17/09/2024/ 18/09/2024 al 12/01/2025,2001-04-21,25,2023-04-22
REG0558,PER558,CAR001,CAR110,DEP035,EDU558,CON558,EST437,,2004-04-21,22,2025-04-29
REG0559,PER559,CAR002,CAR110,DEP024,EDU559,CON559,EST438,,2020-05-12,5,2021-07-15
REG0560,PER560,CAR003,CAR110,DEP025,EDU560,CON560,EST439,,2013-10-27,12,2022-01-27
REG0561,PER561,CAR003,CAR110,DEP060,EDU561,CON561,EST440,,2013-04-21,13,2021-05-27
REG0562,PER562,CAR003,CAR111,DEP026,EDU562,CON562,EST326,,2021-04-21,5,2022-01-13
REG0563,PER563,CAR003,CAR111,DEP060,EDU563,CON563,EST441,,2022-04-21,4,2024-08-22
REG0564,PER564,CAR002,CAR120,DEP001,EDU564,CON564,EST442,,2025-10-20,0,2023-07-20
REG0565,PER565,CAR007,CAR111,DEP028,EDU565,CON565,EST443,15/02/2011 AL 01/05/2022,2025-08-27,0,2024-06-30
REG0566,PER566,CAR002,CAR111,DEP011,EDU566,CON566,EST441,,2012-08-03,13,2022-02-01
REG0567,PER567,CAR003,CAR121,DEP001,EDU567,CON567,EST012,,2016-04-21,10,2025-04-06
REG0568,PER568,CAR001,CAR112,DEP061,EDU568,CON568,EST444,,1989-04-21,37,2023-06-30
REG0569,PER569,CAR002,CAR112,DEP031,EDU569,CON569,EST445,,2023-04-21,3,2023-03-02
REG0570,PER570,CAR003,CAR112,DEP048,EDU570,CON570,EST446,,1999-01-06,27,2025-07-13
REG0571,PER571,CAR002,CAR112,DEP067,EDU571,CON571,EST446,,1986-04-21,40,2024-02-17
REG0572,PER572,CAR003,CAR112,DEP014,EDU572,CON572,EST446,,2004-05-06,21,2026-01-08
REG0573,PER573,CAR002,CAR112,DEP005,EDU573,CON573,EST447,,2024-04-21,2,2022-01-03
REG0574,PER574,CAR003,CAR112,DEP027,EDU574,CON574,EST447,,2009-06-18,16,2022-10-11
REG0575,PER575,CAR001,CAR112,DEP073,EDU575,CON575,EST446,,2003-11-18,22,2026-01-25
REG0576,PER576,CAR026,CAR122,DEP045,EDU576,CON576,EST448,,1991-06-21,34,2024-09-13
REG0577,PER577,CAR029,CAR122,DEP039,EDU577,CON577,EST449,,2015-04-21,11,2025-06-25
REG0578,PER578,CAR032,CAR122,DEP036,EDU578,CON578,EST450,,2011-04-21,15,2026-02-15
REG0579,PER579,CAR034,CAR122,DEP052,EDU579,CON579,EST451,,1999-08-15,26,2025-04-21
REG0580,PER580,CAR027,CAR122,DEP038,EDU580,CON580,EST452,,2022-04-21,4,2024-09-15
REG0581,PER581,CAR027,CAR122,DEP033,EDU581,CON581,EST453,,1994-03-20,32,2023-02-10
REG0582,PER582,CAR001,CAR122,DEP051,EDU582,CON582,EST454,,2008-05-22,17,2022-10-05
REG0583,PER583,CAR001,CAR122,DEP047,EDU583,CON583,EST455,,2003-01-18,23,2023-12-05
REG0584,PER584,CAR001,CAR122,DEP040,EDU584,CON584,EST456,,2006-04-21,20,2025-04-08
REG0585,PER585,CAR006,CAR122,DEP043,EDU585,CON585,EST457,,2014-04-21,12,2021-05-08
REG0586,PER586,CAR002,CAR122,DEP049,EDU586,CON586,EST458,28/09/1982 al 30/06/1985,1985-04-21,41,2025-03-28
REG0587,PER587,CAR002,CAR122,DEP040,EDU587,CON587,EST455,,2025-07-30,0,2023-05-19
REG0588,PER588,CAR002,CAR122,DEP044,EDU588,CON588,EST457,,2003-09-29,22,2026-01-11
REG0589,PER589,CAR003,CAR122,DEP080,EDU589,CON589,EST457,,2025-04-21,1,2023-11-24
REG0590,PER590,CAR001,CAR122,DEP035,EDU590,CON590,EST457,,2005-04-21,21,2026-02-07
REG0591,PER591,CAR002,CAR122,DEP056,EDU591,CON591,EST457,,2006-12-20,19,2022-11-28
REG0592,PER592,CAR002,CAR123,DEP001,EDU592,CON592,EST459,,2025-07-28,0,2022-09-01
REG0593,PER593,CAR067,CAR124,DEP059,EDU593,CON593,EST460,,1992-04-21,34,2025-05-08
REG0594,PER594,CAR001,CAR124,DEP072,EDU594,CON594,EST461,,2020-04-21,6,2021-05-02
REG0595,PER595,CAR001,CAR124,DEP025,EDU595,CON595,EST462,,1991-09-01,34,2022-03-17
REG0596,PER596,CAR002,CAR124,DEP060,EDU596,CON596,EST463,,2002-04-21,24,2023-10-03
REG0597,PER597,CAR001,CAR124,DEP012,EDU597,CON597,EST464,,1989-04-21,37,2024-12-18
REG0598,PER598,CAR002,CAR124,DEP046,EDU598,CON598,EST465,10/12/2018 AL 2021,2008-04-21,18,2024-08-14
REG0599,PER599,CAR004,CAR124,DEP050,EDU599,CON599,EST466,,1998-04-21,28,2025-02-16
REG0600,PER600,CAR007,CAR125,DEP028,EDU600,CON600,EST467,,2013-04-21,13,2022-06-10
REG0601,PER601,CAR002,CAR124,DEP079,EDU601,CON601,EST468,,2017-04-21,9,2024-06-13
REG0602,PER602,CAR003,CAR126,DEP033,EDU602,CON602,EST469,,1982-04-10,44,2021-07-22
REG0603,PER603,CAR003,CAR126,DEP033,EDU603,CON603,EST469,,1999-08-16,26,2025-10-03
REG0604,PER604,CAR001,CAR126,DEP060,EDU604,CON604,EST470,,2006-04-21,20,2025-03-16
REG0605,PER605,CAR003,CAR126,DEP033,EDU605,CON605,EST471,,2009-04-21,17,2021-10-05
REG0606,PER606,CAR001,CAR126,DEP001,EDU606,CON606,EST472,,1994-04-21,32,2025-09-06
REG0607,PER607,CAR002,CAR126,DEP033,EDU607,CON607,EST473,,2026-04-21,0,2022-01-09
REG0608,PER608,CAR003,CAR126,DEP029,EDU608,CON608,EST474,,1999-09-08,26,2025-12-11
REG0609,PER609,CAR002,CAR126,DEP033,EDU609,CON609,EST475,,1993-04-21,33,2024-01-04
REG0610,PER610,CAR002,CAR126,DEP001,EDU610,CON610,EST476,,1989-10-06,36,2021-09-13
REG0611,PER611,CAR002,CAR126,DEP001,EDU611,CON611,EST012,,2009-04-21,17,2025-06-12
REG0612,PER612,CAR003,CAR127,DEP033,EDU612,CON612,EST477,,2026-01-24,0,2023-05-22
REG0613,PER613,CAR001,CAR128,DEP033,EDU613,CON613,EST478,27/09/1982 al 10/10/1983,1998-09-26,27,2022-05-05
REG0614,PER614,CAR003,CAR128,DEP033,EDU614,CON614,EST479,,2006-05-30,19,2023-07-13
REG0615,PER615,CAR003,CAR128,DEP033,EDU615,CON615,EST478,13/01/1988 al 12/09/1994,2001-04-21,25,2026-03-04
REG0616,PER616,CAR001,CAR128,DEP033,EDU616,CON616,EST480,,2000-04-21,26,2023-02-25
REG0617,PER617,CAR001,CAR128,DEP033,EDU617,CON617,EST479,09/08/1984 al 26/01/1987//10/05/1988 al 27/01/1989,1989-05-20,36,2023-02-25
REG0618,PER618,CAR002,CAR128,DEP033,EDU618,CON618,EST479,,2014-04-21,12,2023-01-02
REG0619,PER619,CAR001,CAR128,DEP033,EDU619,CON619,EST479,,1989-04-21,37,2022-11-23
REG0620,PER620,CAR002,CAR128,DEP033,EDU620,CON620,EST479,,2007-12-23,18,2025-06-20
REG0621,PER621,CAR002,CAR128,DEP033,EDU621,CON621,EST481,26/08/2016 al 30/08/2022,2012-01-22,14,2024-08-01
REG0622,PER622,CAR002,CAR128,DEP033,EDU622,CON622,EST479,,2011-01-10,15,2021-07-06
REG0623,PER623,CAR002,CAR128,DEP033,EDU623,CON623,EST479,,1990-12-17,35,2023-04-12
REG0624,PER624,CAR002,CAR128,DEP033,EDU624,CON624,EST482,,2016-07-06,9,2025-08-10
REG0625,PER625,CAR001,CAR128,DEP033,EDU625,CON625,EST483,,1995-04-21,31,2021-09-02
REG0626,PER626,CAR001,CAR128,DEP033,EDU626,CON626,EST479,,1992-05-08,33,2024-10-01
REG0627,PER627,CAR002,CAR128,DEP033,EDU627,CON627,EST481,,2025-10-11,0,2022-09-01
REG0628,PER628,CAR002,CAR128,DEP033,EDU628,CON628,EST479,,2004-04-21,22,2023-06-19
REG0629,PER629,CAR003,CAR128,DEP033,EDU629,CON629,EST479,,1995-04-21,31,2025-06-22
REG0630,PER630,CAR003,CAR128,DEP033,EDU630,CON630,EST484,,2023-04-21,3,2022-04-29
REG0631,PER631,CAR002,CAR128,DEP033,EDU631,CON631,EST479,,2026-03-26,0,2022-10-26
REG0632,PER632,CAR003,CAR128,DEP027,EDU632,CON632,EST479,,2021-04-21,5,2026-03-04
REG0633,PER633,CAR002,CAR128,DEP033,EDU633,CON633,EST485,,2014-05-12,11,2022-07-26
REG0634,PER634,CAR003,CAR128,DEP033,EDU634,CON634,EST481,,2011-03-24,15,2024-04-29
REG0635,PER635,CAR001,CAR129,DEP033,EDU635,CON635,EST486,20-02-2015 AL 20/07/2022,2014-04-21,12,2024-01-16
REG0636,PER636,CAR002,CAR129,DEP033,EDU636,CON636,EST487,,2003-07-14,22,2021-05-12
REG0637,PER637,CAR003,CAR129,DEP033,EDU637,CON637,EST488,,2018-05-21,7,2025-05-29
REG0638,PER638,CAR003,CAR129,DEP033,EDU638,CON638,EST487,,2001-04-21,25,2024-05-15
REG0639,PER639,CAR001,CAR129,DEP033,EDU639,CON639,EST489,,2026-02-04,0,2025-10-05
REG0640,PER640,CAR001,CAR129,DEP033,EDU640,CON640,EST489,,2018-01-08,8,2022-12-29
REG0641,PER641,CAR003,CAR130,DEP001,EDU641,CON641,EST490,,2025-11-21,0,2024-12-03
REG0642,PER642,CAR003,CAR130,DEP033,EDU642,CON642,EST491,,1998-04-21,28,2022-03-30
REG0643,PER643,CAR002,CAR130,DEP033,EDU643,CON643,EST492,,2025-04-21,1,2022-01-29
REG0644,PER644,CAR001,CAR130,DEP001,EDU644,CON644,EST493,,2026-01-08,0,2023-10-19
REG0645,PER645,CAR002,CAR130,DEP001,EDU645,CON645,EST494,,2003-01-09,23,2021-11-01
REG0646,PER646,CAR001,CAR130,DEP012,EDU646,CON646,EST495,,1998-05-07,27,2025-05-05
REG0647,PER647,CAR001,CAR131,DEP063,EDU647,CON647,EST336,,1989-04-21,37,2024-06-21
REG0648,PER648,CAR002,CAR132,DEP083,EDU648,CON648,EST012,,2009-04-21,17,2022-10-29
REG0649,PER649,CAR003,CAR133,DEP084,EDU649,CON649,EST064,,1990-01-29,36,2023-12-01
REG0650,PER650,CAR003,CAR132,DEP085,EDU650,CON650,EST012,,2009-08-01,16,2025-05-17
REG0651,PER651,CAR002,CAR134,DEP086,EDU651,CON651,EST496,,2015-04-21,11,2023-05-18
REG0652,PER652,CAR002,CAR002,DEP001,EDU652,CON652,EST001,,2025-04-21,1,2025-02-24
REG0653,PER653,CAR002,CAR134,DEP001,EDU653,CON653,EST496,,2006-04-21,20,2021-08-08
REG0654,PER654,CAR001,CAR135,DEP084,EDU654,CON654,EST497,,2006-04-21,20,2021-04-28
REG0655,PER655,CAR003,CAR132,DEP087,EDU655,CON655,EST012,,2009-07-24,16,2021-11-29
REG0656,PER656,CAR003,CAR003,DEP088,EDU656,CON656,EST012,,2014-07-15,11,2021-09-16
REG0657,PER657,CAR003,CAR132,DEP089,EDU657,CON657,EST012,,1997-04-21,29,2022-05-04
REG0658,PER658,CAR003,CAR134,DEP001,EDU658,CON658,EST496,,1993-04-21,33,2024-02-18
REG0659,PER659,CAR003,CAR132,DEP090,EDU659,CON659,EST012,,2023-04-21,3,2021-11-29
REG0660,PER660,CAR001,CAR134,DEP001,EDU660,CON660,EST496,,2008-04-21,18,2026-01-25
REG0661,PER661,CAR003,CAR134,DEP001,EDU661,CON661,EST496,,2005-04-21,21,2025-01-24
REG0662,PER662,CAR003,CAR003,DEP001,EDU662,CON662,EST001,,2016-04-21,10,2026-01-14
REG0663,PER663,CAR003,CAR134,DEP091,EDU663,CON663,EST496,,2018-04-21,8,2024-06-05
REG0664,PER664,CAR001,CAR134,DEP001,EDU664,CON664,EST496,,2006-04-21,20,2023-08-18
REG0665,PER665,CAR001,CAR132,DEP092,EDU665,CON665,EST012,,1984-04-21,42,2025-01-13
REG0666,PER666,CAR002,CAR132,DEP093,EDU666,CON666,EST012,,2025-08-17,0,2025-08-01
REG0667,PER667,CAR001,CAR134,DEP001,EDU667,CON667,EST496,,2006-04-21,20,2023-10-05
REG0668,PER668,CAR003,CAR136,DEP084,EDU668,CON668,EST498,,2025-05-06,0,2026-02-13
REG0669,PER669,CAR002,CAR134,DEP001,EDU669,CON669,EST496,,1996-04-21,30,2025-08-12
REG0670,PER670,CAR003,CAR137,DEP084,EDU670,CON670,EST497,,2013-04-21,13,2025-05-03
REG0671,PER671,CAR003,CAR134,DEP094,EDU671,CON671,EST499,,2025-04-21,1,2022-10-21
REG0672,PER672,CAR002,CAR002,DEP001,EDU672,CON672,EST001,,2007-04-21,19,2021-06-19
